Year,Team,League,G,RegWPct,PostSeason,W,WPct,AB,R,H,x2B,x3B,HR,RBI,BB,SO,SB,CS,AVG,OBP,SLG,OPS
2009,San Francisco Giants,NL,40,0.543,0,21,0.525,1416,240,430,93,16,46,233,107,224,28,14,0.304,0.356,0.489,0.846
2009,Los Angeles Angels,AL,35,0.599,1,26,0.765,1240,260,391,93,18,44,250,146,225,40,18,0.315,0.39,0.526,0.916
2009,New York Yankees,AL,35,0.636,1,24,0.706,1202,207,355,75,11,40,194,125,218,30,17,0.295,0.367,0.476,0.843
2008,Tampa Bay Rays,AL,28,0.599,1,18,0.692,968,177,277,64,10,30,161,104,175,36,8,0.286,0.363,0.466,0.829
2008,Oakland Athletics,AL,26,0.466,0,18,0.692,909,160,261,66,8,22,150,116,166,5,3,0.287,0.369,0.45,0.819
2009,Milwaukee Brewers,NL,35,0.494,0,22,0.688,1220,204,342,82,13,50,198,109,232,22,6,0.28,0.345,0.492,0.837
2006,Florida Marlins,NL,31,0.481,0,19,0.679,1102,173,303,72,10,29,154,91,223,32,10,0.275,0.336,0.437,0.773
2007,Detroit Tigers,AL,34,0.543,0,21,0.677,1183,180,343,75,6,31,175,115,213,15,9,0.29,0.357,0.442,0.799
2006,Cincinnati Reds,NL,33,0.494,0,22,0.667,1156,185,322,78,5,33,171,110,222,29,10,0.279,0.352,0.44,0.792
2008,Los Angeles Angels,AL,33,0.617,1,19,0.655,1130,178,326,67,16,31,165,96,212,31,21,0.288,0.345,0.458,0.803
2006,Los Angeles Angels,AL,31,0.549,0,20,0.645,1079,181,319,57,10,38,173,78,171,21,7,0.296,0.345,0.473,0.818
2008,New York Mets,NL,32,0.549,0,20,0.645,1073,140,281,56,9,15,129,111,177,25,8,0.262,0.335,0.373,0.708
2006,San Diego Padres,NL,28,0.543,1,18,0.643,977,203,285,79,9,40,188,134,213,6,13,0.292,0.379,0.514,0.893
2009,Atlanta Braves,NL,33,0.531,0,21,0.636,1135,172,314,67,8,32,161,90,171,17,1,0.277,0.328,0.434,0.763
2006,Philadelphia Phillies,NL,31,0.525,0,19,0.633,1054,155,283,56,5,45,149,87,203,17,8,0.269,0.33,0.459,0.789
2008,Florida Marlins,NL,33,0.522,0,19,0.633,1132,157,286,69,7,29,147,107,229,18,11,0.253,0.322,0.403,0.725
2008,St. Louis Cardinals,NL,29,0.531,0,17,0.63,1017,154,290,58,11,24,138,116,165,16,9,0.285,0.363,0.435,0.798
2008,Cincinnati Reds,NL,33,0.457,0,17,0.63,1137,190,322,63,6,23,176,112,185,20,9,0.283,0.349,0.41,0.758
2006,Kansas City Royals,AL,29,0.383,0,17,0.63,1065,201,338,76,19,25,195,108,194,38,12,0.317,0.383,0.495,0.878
2006,Minnesota Twins,AL,32,0.593,1,20,0.625,1122,180,336,66,6,31,169,104,173,21,8,0.299,0.36,0.452,0.812
2007,Arizona Diamondbacks,NL,32,0.556,1,20,0.625,1134,226,356,79,9,38,208,134,179,20,7,0.314,0.389,0.5,0.889
2006,Cleveland Indians,AL,33,0.481,0,20,0.625,1115,188,321,73,9,41,177,119,223,16,9,0.288,0.366,0.48,0.846
2008,Milwaukee Brewers,NL,32,0.556,1,18,0.621,1132,185,333,79,12,30,173,103,206,42,12,0.294,0.36,0.465,0.824
2007,Houston Astros,NL,30,0.451,0,18,0.621,1046,165,295,59,10,28,152,104,172,17,9,0.282,0.353,0.438,0.791
2007,St. Louis Cardinals,NL,30,0.481,0,16,0.615,1023,134,261,60,2,19,124,114,180,9,6,0.255,0.337,0.373,0.71
2009,St. Louis Cardinals,NL,33,0.562,1,19,0.613,1174,190,340,81,10,23,178,113,183,21,2,0.29,0.351,0.434,0.785
2008,Texas Rangers,AL,30,0.488,0,17,0.607,1068,194,327,63,8,37,189,97,193,9,8,0.306,0.365,0.484,0.849
2007,Atlanta Braves,NL,32,0.519,0,18,0.6,1142,159,325,64,4,29,152,87,219,27,12,0.285,0.337,0.424,0.761
2007,Cincinnati Reds,NL,31,0.444,0,18,0.6,1064,142,297,50,7,25,136,92,235,16,10,0.279,0.345,0.41,0.755
2009,Texas Rangers,AL,36,0.537,0,21,0.6,1283,237,380,84,12,49,226,128,263,18,10,0.296,0.359,0.495,0.854
2007,Oakland Athletics,AL,31,0.469,0,16,0.593,1095,174,320,70,10,24,164,129,199,14,5,0.292,0.372,0.44,0.812
2007,Texas Rangers,AL,27,0.463,0,16,0.593,983,191,324,59,10,35,185,94,170,14,7,0.33,0.388,0.517,0.905
2009,Minnesota Twins,AL,33,0.534,1,19,0.588,1136,160,331,67,5,23,152,99,176,22,7,0.291,0.349,0.42,0.769
2009,Boston Red Sox,AL,34,0.586,1,20,0.588,1160,197,315,70,6,49,191,131,246,10,5,0.272,0.351,0.469,0.82
2006,Colorado Rockies,NL,31,0.469,0,17,0.586,1074,194,328,84,12,25,180,106,200,28,20,0.305,0.37,0.476,0.845
2007,Los Angeles Angels,AL,33,0.58,1,19,0.576,1152,193,333,65,16,31,179,81,191,56,12,0.289,0.337,0.454,0.791
2007,Chicago Cubs,NL,32,0.525,1,17,0.567,1142,196,357,75,12,39,186,113,167,31,6,0.313,0.376,0.502,0.877
2007,San Diego Padres,NL,32,0.546,0,18,0.563,1143,204,340,79,8,48,196,106,235,16,7,0.297,0.358,0.507,0.864
2006,Arizona Diamondbacks,NL,33,0.469,0,18,0.563,1208,233,392,91,11,41,223,143,197,14,13,0.325,0.399,0.52,0.919
2009,Kansas City Royals,AL,36,0.401,0,18,0.563,1295,247,401,72,11,56,239,123,240,20,12,0.31,0.37,0.512,0.882
2007,Boston Red Sox,AL,31,0.593,1,15,0.556,1058,143,257,54,3,21,134,127,229,19,5,0.243,0.329,0.359,0.688
2007,Cleveland Indians,AL,31,0.593,1,16,0.552,1027,139,267,56,3,28,128,98,177,24,11,0.26,0.329,0.402,0.731
2007,Baltimore Orioles,AL,33,0.426,0,16,0.552,1109,124,282,63,2,16,116,73,163,23,13,0.254,0.304,0.358,0.662
2006,Detroit Tigers,AL,34,0.586,1,18,0.545,1167,194,337,71,5,54,184,114,246,23,9,0.289,0.36,0.497,0.857
2009,New York Mets,NL,34,0.432,0,18,0.545,1195,196,347,63,9,29,186,127,185,24,11,0.29,0.359,0.431,0.79
2009,Pittsburgh Pirates,NL,35,0.385,0,17,0.545,1240,186,333,70,10,39,175,129,249,21,7,0.269,0.342,0.435,0.777
2008,New York Yankees,AL,28,0.549,0,14,0.538,983,152,289,69,4,30,144,92,171,27,4,0.294,0.357,0.464,0.821
2008,Colorado Rockies,NL,29,0.457,0,14,0.538,995,176,283,70,11,35,162,140,198,35,15,0.284,0.375,0.482,0.857
2006,New York Mets,NL,31,0.599,1,16,0.533,1064,171,292,59,10,17,160,99,193,18,12,0.274,0.345,0.397,0.742
2008,Kansas City Royals,AL,30,0.463,0,16,0.533,1076,190,311,72,16,26,175,101,155,35,10,0.289,0.352,0.458,0.81
2007,Colorado Rockies,NL,28,0.552,1,13,0.52,999,175,301,71,13,23,163,90,182,33,12,0.301,0.362,0.467,0.83
2007,New York Yankees,AL,30,0.58,1,14,0.519,1014,123,270,44,5,27,120,78,182,17,3,0.266,0.323,0.399,0.723
2006,Los Angeles Dodgers,NL,33,0.543,1,15,0.517,1131,155,295,53,7,34,147,98,181,15,8,0.261,0.323,0.41,0.733
2006,St. Louis Cardinals,NL,30,0.516,1,15,0.517,1019,146,265,53,3,21,138,101,173,16,3,0.26,0.334,0.38,0.714
2008,Cleveland Indians,AL,32,0.5,0,15,0.517,1061,175,286,60,7,43,171,129,189,10,11,0.27,0.352,0.461,0.813
2008,Detroit Tigers,AL,32,0.457,0,15,0.517,1148,171,334,71,11,44,166,112,202,9,8,0.291,0.356,0.487,0.842
2006,Chicago Cubs,NL,31,0.407,0,14,0.517,1088,176,316,76,8,29,165,87,166,20,15,0.29,0.345,0.455,0.8
2007,Los Angeles Dodgers,NL,34,0.506,0,17,0.515,1175,138,328,65,2,21,127,79,181,21,12,0.279,0.327,0.391,0.719
2008,Chicago Cubs,NL,32,0.602,1,15,0.5,1140,174,333,71,14,31,164,99,200,24,13,0.292,0.348,0.461,0.808
2008,Minnesota Twins,AL,30,0.54,0,15,0.5,1032,132,269,57,4,20,121,90,150,34,7,0.261,0.323,0.382,0.705
2008,Atlanta Braves,NL,32,0.444,0,15,0.5,1091,173,292,67,6,17,163,93,173,11,3,0.268,0.328,0.387,0.715
2009,Chicago Cubs,NL,38,0.516,0,18,0.5,1361,246,416,81,14,42,239,136,244,17,10,0.306,0.37,0.478,0.848
2009,Colorado Rockies,NL,35,0.568,1,17,0.5,1218,219,359,82,19,37,206,120,204,44,22,0.295,0.361,0.484,0.846
2009,Oakland Athletics,AL,37,0.463,0,17,0.486,1295,212,361,70,19,28,196,130,248,25,8,0.279,0.353,0.427,0.78
2006,New York Yankees,AL,32,0.599,1,15,0.484,1103,164,318,66,6,32,146,96,157,25,12,0.288,0.348,0.446,0.794
2009,Tampa Bay Rays,AL,32,0.519,0,15,0.484,1087,167,285,68,9,28,161,120,220,47,14,0.262,0.341,0.419,0.759
2009,Seattle Mariners,AL,37,0.525,0,16,0.471,1358,249,424,90,13,47,235,105,268,22,16,0.312,0.361,0.501,0.862
2006,Oakland Athletics,AL,32,0.574,1,15,0.469,1122,201,315,68,7,34,190,124,190,17,5,0.281,0.355,0.445,0.8
2007,San Francisco Giants,NL,34,0.438,0,15,0.469,1188,190,345,69,15,31,182,102,208,18,6,0.29,0.351,0.452,0.803
2006,Pittsburgh Pirates,NL,33,0.414,0,15,0.469,1126,175,320,66,4,47,167,104,236,20,6,0.284,0.353,0.475,0.828
2009,Detroit Tigers,AL,33,0.528,0,15,0.469,1089,141,264,51,7,37,132,112,233,15,5,0.242,0.319,0.404,0.723
2009,Washington Nationals,NL,34,0.364,0,15,0.469,1135,144,275,57,11,28,134,110,211,15,7,0.242,0.315,0.386,0.701
2007,Toronto Blue Jays,AL,30,0.512,0,12,0.462,1003,125,236,46,8,22,119,90,210,13,8,0.235,0.302,0.363,0.665
2008,San Diego Padres,NL,30,0.389,0,12,0.462,1071,173,312,71,9,34,163,105,209,10,9,0.291,0.357,0.47,0.827
2007,Minnesota Twins,AL,32,0.488,0,14,0.452,1095,145,295,48,4,20,134,86,159,19,7,0.269,0.328,0.375,0.704
2006,Milwaukee Brewers,NL,31,0.463,0,14,0.452,1064,199,314,81,11,33,188,128,187,24,15,0.295,0.38,0.485,0.865
2008,Toronto Blue Jays,AL,29,0.531,0,13,0.448,941,112,247,66,5,15,109,81,159,19,10,0.262,0.328,0.391,0.719
2006,Tampa Bay Devil Rays,AL,30,0.377,0,13,0.448,1026,158,295,74,7,28,145,80,171,47,17,0.288,0.343,0.455,0.799
2008,Seattle Mariners,AL,32,0.377,0,13,0.448,1132,169,326,71,2,28,158,84,184,24,12,0.288,0.338,0.428,0.767
2009,Chicago White Sox,AL,37,0.488,0,16,0.444,1291,176,365,73,8,40,170,106,228,26,13,0.283,0.34,0.445,0.784
2007,Milwaukee Brewers,NL,30,0.512,0,13,0.433,1083,193,339,73,4,33,185,93,193,24,13,0.313,0.37,0.479,0.85
2006,San Francisco Giants,NL,31,0.472,0,13,0.433,1099,189,335,81,9,37,182,99,176,16,5,0.305,0.369,0.496,0.864
2007,Florida Marlins,NL,33,0.438,0,13,0.433,1093,111,242,57,7,15,101,83,224,25,12,0.221,0.282,0.328,0.61
2006,Baltimore Orioles,AL,30,0.432,0,13,0.433,1029,127,268,65,6,14,117,72,142,22,5,0.26,0.315,0.376,0.691
2008,Pittsburgh Pirates,NL,30,0.414,0,13,0.433,1034,150,283,65,6,18,137,107,191,16,7,0.274,0.346,0.4,0.747
2009,Toronto Blue Jays,AL,33,0.463,0,13,0.433,1143,157,304,80,8,30,149,90,207,11,7,0.266,0.324,0.429,0.752
2006,Texas Rangers,AL,29,0.494,0,12,0.429,1015,160,270,59,8,52,155,76,204,12,13,0.266,0.32,0.494,0.813
2008,Houston Astros,NL,32,0.534,0,13,0.419,1128,190,317,91,8,32,180,98,191,40,9,0.281,0.341,0.461,0.802
2007,Pittsburgh Pirates,NL,32,0.42,0,12,0.414,1165,156,334,70,7,22,147,81,214,14,5,0.287,0.339,0.415,0.755
2009,Philadelphia Phillies,NL,34,0.574,1,13,0.406,1164,176,308,71,2,42,167,118,234,23,8,0.265,0.337,0.437,0.775
2009,Los Angeles Dodgers,NL,37,0.586,1,15,0.405,1293,210,359,72,10,37,200,134,218,39,21,0.278,0.349,0.435,0.783
2008,Philadelphia Phillies,NL,31,0.568,1,12,0.4,1007,132,245,62,6,27,125,91,213,16,6,0.243,0.309,0.397,0.706
2007,Seattle Mariners,AL,34,0.543,0,14,0.4,1179,179,332,73,5,28,168,93,174,24,9,0.282,0.34,0.423,0.763
2006,Toronto Blue Jays,AL,30,0.537,0,12,0.4,1028,142,276,69,11,34,131,86,162,31,14,0.268,0.331,0.456,0.787
2008,Arizona Diamondbacks,NL,31,0.506,0,12,0.4,1098,200,326,86,9,31,189,117,198,16,12,0.297,0.372,0.476,0.848
2008,Washington Nationals,NL,32,0.366,0,12,0.4,1054,127,269,64,5,27,122,108,195,9,12,0.255,0.333,0.402,0.736
2009,Cincinnati Reds,NL,33,0.481,0,13,0.394,1099,138,265,52,9,28,135,85,236,33,17,0.241,0.301,0.381,0.682
2006,Seattle Mariners,AL,29,0.481,0,11,0.393,1012,144,297,66,9,26,134,71,192,30,12,0.293,0.34,0.454,0.794
2007,Washington Nationals,NL,31,0.451,0,11,0.393,1063,158,281,58,3,20,145,134,218,11,8,0.264,0.351,0.381,0.732
2009,Florida Marlins,NL,33,0.537,0,12,0.387,1130,156,296,61,6,29,143,90,252,23,10,0.262,0.32,0.404,0.723
2009,Baltimore Orioles,AL,34,0.395,0,13,0.382,1178,157,335,67,7,35,151,95,181,30,12,0.284,0.342,0.442,0.784
2008,Boston Red Sox,AL,23,0.586,1,8,0.381,784,103,199,37,1,23,100,82,161,10,5,0.254,0.328,0.392,0.719
2007,Philadelphia Phillies,NL,32,0.549,1,11,0.379,1135,184,321,55,7,36,172,111,222,24,9,0.283,0.35,0.439,0.788
2008,Los Angeles Dodgers,NL,33,0.519,1,11,0.379,1137,170,309,50,14,35,162,129,198,35,14,0.272,0.349,0.433,0.782
2006,Atlanta Braves,NL,32,0.488,0,11,0.379,1088,140,290,59,4,26,134,89,216,11,6,0.267,0.324,0.4,0.724
2007,Kansas City Royals,AL,29,0.426,0,11,0.379,1027,166,311,65,9,24,150,93,193,31,18,0.303,0.365,0.454,0.819
2009,Cleveland Indians,AL,35,0.401,0,12,0.375,1210,183,338,64,11,41,176,98,239,32,10,0.279,0.336,0.452,0.788
2009,Houston Astros,NL,35,0.457,0,12,0.375,1165,125,290,54,14,23,117,84,222,34,6,0.249,0.299,0.379,0.677
2008,Baltimore Orioles,AL,29,0.422,0,10,0.37,971,124,256,58,3,14,114,80,154,25,15,0.264,0.324,0.373,0.697
2008,Chicago White Sox,AL,33,0.546,1,11,0.367,1147,162,314,67,12,27,151,97,218,14,12,0.274,0.337,0.424,0.761
2006,Houston Astros,NL,30,0.506,0,11,0.367,1037,152,271,56,7,27,144,110,211,23,4,0.261,0.336,0.407,0.743
2007,New York Mets,NL,34,0.543,0,12,0.364,1132,144,279,53,7,28,136,127,212,38,9,0.246,0.329,0.38,0.709
2006,Chicago White Sox,AL,31,0.556,0,10,0.345,1097,161,318,78,8,38,149,88,179,14,12,0.29,0.347,0.479,0.827
2007,Tampa Bay Devil Rays,AL,31,0.407,0,10,0.345,1055,126,268,60,12,12,121,87,218,30,11,0.254,0.315,0.368,0.683
2009,Arizona Diamondbacks,NL,34,0.432,0,11,0.324,1189,190,340,78,8,27,178,132,214,25,13,0.286,0.364,0.433,0.797
2009,San Diego Padres,NL,34,0.463,0,10,0.323,1209,194,347,79,6,33,184,117,240,23,13,0.287,0.356,0.444,0.8
2007,Chicago White Sox,AL,33,0.444,0,10,0.313,1151,184,341,58,8,36,176,108,190,26,11,0.296,0.36,0.454,0.815
2006,Boston Red Sox,AL,30,0.531,0,9,0.31,1022,132,261,65,5,30,127,110,209,17,8,0.255,0.33,0.417,0.747
2008,San Francisco Giants,NL,34,0.444,0,9,0.281,1162,151,297,53,12,18,143,105,204,40,16,0.256,0.326,0.368,0.695
2006,Washington Nationals,NL,33,0.438,0,9,0.281,1113,150,281,48,3,31,141,117,226,31,12,0.252,0.33,0.385,0.715
2010,Colorado Rockies,NL,33,0.512,0,17,0.567,1150,203,362,90,23,27,191,117,173,25,10,0.315,0.382,0.503,0.885
2010,Kansas City Royals,AL,31,0.414,0,14,0.519,1127,204,344,73,21,22,197,93,194,16,10,0.305,0.363,0.466,0.829
2010,Detroit Tigers,AL,32,0.5,0,18,0.6,1126,186,329,75,7,35,172,111,201,17,6,0.292,0.361,0.464,0.825
2010,Boston Red Sox,AL,32,0.549,0,17,0.548,1118,175,325,76,9,26,171,99,203,7,2,0.291,0.351,0.445,0.796
2010,Arizona Diamondbacks,NL,33,0.401,0,15,0.469,1124,178,326,72,7,37,169,101,201,19,11,0.29,0.354,0.465,0.819
2010,Atlanta Braves,NL,30,0.562,1,17,0.586,1037,164,300,56,2,20,152,139,178,16,7,0.289,0.377,0.405,0.782
2010,Tampa Bay Rays,AL,30,0.593,1,20,0.714,1067,194,308,71,10,37,178,111,202,27,10,0.289,0.354,0.478,0.832
2010,Florida Marlins,NL,29,0.494,0,14,0.5,1027,148,296,71,10,17,135,79,209,18,7,0.288,0.341,0.426,0.767
2010,Texas Rangers,AL,30,0.556,1,10,0.345,1067,153,307,70,7,20,145,88,226,18,10,0.288,0.349,0.423,0.772
2010,Houston Astros,NL,30,0.469,0,13,0.464,1065,158,303,83,8,29,152,78,178,21,4,0.285,0.337,0.459,0.796
2010,Toronto Blue Jays,AL,27,0.525,0,12,0.48,976,149,277,66,4,31,142,85,181,23,6,0.284,0.342,0.455,0.797
2010,San Diego Padres,NL,30,0.556,0,18,0.643,1065,188,302,65,18,19,171,109,196,50,16,0.284,0.356,0.432,0.788
2010,Cleveland Indians,AL,31,0.426,0,19,0.679,1066,199,299,71,11,24,188,138,197,22,6,0.28,0.362,0.435,0.798
2010,St. Louis Cardinals,NL,29,0.531,0,15,0.517,1017,165,285,75,6,31,153,101,171,25,6,0.28,0.352,0.457,0.81
2010,San Francisco Giants,NL,35,0.568,1,23,0.657,1207,179,335,74,14,28,172,91,209,23,10,0.278,0.332,0.432,0.764
2010,Minnesota Twins,AL,30,0.58,1,16,0.533,1027,150,285,65,7,30,140,87,195,9,4,0.278,0.337,0.442,0.78
2010,Chicago Cubs,NL,33,0.463,0,18,0.6,1113,166,308,72,10,24,160,101,220,17,13,0.277,0.341,0.424,0.765
2010,Chicago White Sox,AL,33,0.543,0,12,0.429,1176,172,325,62,10,25,159,103,200,39,11,0.276,0.342,0.41,0.751
2010,Los Angeles Angels,AL,32,0.494,0,13,0.464,1093,177,299,69,16,27,167,121,220,37,12,0.274,0.345,0.44,0.786
2010,New York Mets,NL,31,0.488,0,14,0.467,1061,170,288,60,6,39,155,104,202,20,4,0.271,0.34,0.45,0.789
2010,New York Yankees,AL,29,0.586,1,13,0.464,1004,130,270,57,8,23,123,77,208,15,7,0.269,0.331,0.41,0.741
2010,Philadelphia Phillies,NL,28,0.599,1,15,0.556,958,116,256,63,2,31,112,85,190,14,4,0.267,0.329,0.434,0.763
2010,Milwaukee Brewers,NL,32,0.475,0,16,0.533,1078,172,287,68,7,27,157,109,233,37,10,0.266,0.34,0.417,0.757
2010,Baltimore Orioles,AL,30,0.407,0,12,0.414,1027,136,272,51,6,33,128,84,193,15,8,0.265,0.325,0.423,0.747
2010,Seattle Mariners,AL,32,0.377,0,12,0.4,1091,149,288,68,13,23,138,111,197,34,17,0.264,0.336,0.413,0.749
2010,Washington Nationals,NL,30,0.426,0,10,0.333,1027,154,271,58,7,23,145,95,216,42,10,0.264,0.33,0.401,0.731
2010,Los Angeles Dodgers,NL,30,0.494,0,11,0.393,1004,119,264,46,7,20,111,107,201,10,12,0.263,0.335,0.382,0.718
2010,Cincinnati Reds,NL,31,0.562,1,12,0.429,1070,158,277,70,7,40,147,97,210,28,11,0.259,0.325,0.45,0.774
2010,Oakland Athletics,AL,32,0.5,0,12,0.414,1106,171,286,62,11,29,162,131,216,23,7,0.259,0.341,0.413,0.755
2010,Pittsburgh Pirates,NL,29,0.352,0,7,0.25,1003,138,248,43,10,33,132,85,216,16,9,0.247,0.309,0.409,0.718
2011,Milwaukee Brewers,NL,31,0.593,1,19,0.633,1123,191,361,63,16,31,179,90,195,24,13,0.321,0.375,0.489,0.864
2011,Kansas City Royals,AL,31,0.438,0,20,0.667,1086,220,334,70,10,44,208,123,193,55,22,0.308,0.382,0.512,0.894
2011,Texas Rangers,AL,30,0.593,1,13,0.448,1087,188,327,82,8,34,180,85,189,15,10,0.301,0.353,0.485,0.837
2011,Arizona Diamondbacks,NL,37,0.58,1,12,0.324,1312,206,394,87,6,42,197,100,264,22,19,0.3,0.355,0.472,0.827
2011,San Diego Padres,NL,31,0.438,0,13,0.433,1091,187,327,77,6,34,177,99,185,39,13,0.3,0.359,0.475,0.834
2011,Cincinnati Reds,NL,32,0.488,0,17,0.548,1134,201,337,67,5,41,191,92,217,23,10,0.297,0.354,0.474,0.828
2011,Colorado Rockies,NL,32,0.451,0,20,0.645,1109,177,323,69,15,22,159,113,185,34,20,0.291,0.361,0.44,0.801
2011,Toronto Blue Jays,AL,31,0.5,0,16,0.533,1074,152,310,68,9,27,139,79,207,36,10,0.289,0.338,0.444,0.782
2011,Los Angeles Angels,AL,32,0.531,0,18,0.581,1098,177,311,76,8,28,167,98,217,40,13,0.283,0.346,0.444,0.79
2011,Chicago White Sox,AL,32,0.488,0,11,0.355,1119,172,314,72,12,39,165,107,224,22,15,0.281,0.348,0.471,0.819
2011,Baltimore Orioles,AL,32,0.426,0,15,0.5,1126,181,315,74,6,42,175,93,226,18,3,0.28,0.334,0.468,0.802
2011,New York Mets,NL,34,0.475,0,17,0.531,1178,175,326,73,3,31,161,105,225,22,13,0.277,0.339,0.423,0.762
2011,Washington Nationals,NL,29,0.497,0,15,0.517,987,155,273,58,5,31,145,110,174,26,11,0.277,0.355,0.44,0.795
2011,Cleveland Indians,AL,31,0.494,0,15,0.517,1082,177,296,70,9,32,162,122,213,23,6,0.274,0.355,0.444,0.798
2011,Florida Marlins,NL,31,0.444,0,15,0.5,1071,133,291,72,5,11,124,94,188,10,4,0.272,0.333,0.379,0.712
2011,Chicago Cubs,NL,33,0.438,0,14,0.424,1158,169,314,69,5,27,161,119,202,7,8,0.271,0.343,0.409,0.752
2011,Tampa Bay Rays,AL,31,0.562,1,15,0.517,1042,154,279,60,7,34,146,89,198,44,12,0.268,0.329,0.437,0.766
2011,Detroit Tigers,AL,34,0.586,1,20,0.588,1152,147,306,66,9,24,135,123,217,10,7,0.266,0.338,0.401,0.739
2011,Pittsburgh Pirates,NL,33,0.444,0,12,0.364,1102,141,292,61,5,24,133,103,247,27,19,0.265,0.329,0.395,0.724
2011,Houston Astros,NL,35,0.346,0,11,0.314,1207,144,319,69,12,21,130,80,226,18,7,0.264,0.315,0.394,0.708
2011,San Francisco Giants,NL,35,0.531,0,23,0.657,1201,168,317,60,12,32,155,87,246,32,4,0.264,0.32,0.414,0.733
2011,Minnesota Twins,AL,32,0.389,0,20,0.625,1085,137,284,67,8,19,129,99,198,25,8,0.262,0.328,0.391,0.718
2011,St. Louis Cardinals,NL,31,0.556,1,14,0.467,1069,132,279,57,5,19,122,77,165,16,4,0.261,0.314,0.377,0.691
2011,Boston Red Sox,AL,35,0.556,0,14,0.424,1212,156,316,58,11,28,146,110,248,21,3,0.261,0.325,0.396,0.721
2011,Philadelphia Phillies,NL,35,0.63,1,21,0.6,1196,170,309,60,10,37,158,100,222,26,8,0.258,0.317,0.418,0.735
2011,Los Angeles Dodgers,NL,36,0.509,0,14,0.4,1224,145,314,64,7,29,134,90,244,28,7,0.257,0.31,0.391,0.701
2011,Oakland Athletics,AL,34,0.457,0,12,0.364,1157,171,296,52,5,27,156,132,222,18,6,0.256,0.336,0.379,0.716
2011,Seattle Mariners,AL,31,0.414,0,16,0.552,1042,159,265,58,7,27,152,99,249,22,19,0.254,0.324,0.401,0.725
2011,New York Yankees,AL,31,0.599,1,13,0.464,1020,127,258,54,7,25,116,97,192,23,16,0.253,0.32,0.393,0.713
2011,Atlanta Braves,NL,34,0.549,0,17,0.567,1148,142,285,56,5,18,128,103,212,12,5,0.248,0.313,0.353,0.666
2012,Seattle Mariners,AL,26,0.463,0,16,0.64,907,162,269,55,11,28,151,86,197,19,9,0.297,0.362,0.474,0.836
2012,Kansas City Royals,AL,32,0.444,0,16,0.5,1111,163,328,73,6,34,152,84,195,37,10,0.295,0.347,0.464,0.81
2012,Los Angeles Angels,AL,33,0.549,0,19,0.613,1129,184,333,61,13,37,171,85,213,23,19,0.295,0.344,0.47,0.814
2012,San Diego Padres,NL,36,0.469,0,20,0.556,1249,201,361,87,10,42,188,119,276,23,16,0.289,0.358,0.476,0.834
2012,Texas Rangers,AL,30,0.574,1,12,0.414,1048,156,301,63,7,25,143,99,185,12,15,0.287,0.352,0.432,0.784
2012,Oakland Athletics,AL,24,0.58,1,15,0.682,841,145,239,56,6,29,134,94,176,16,8,0.284,0.356,0.468,0.825
2012,Philadelphia Phillies,NL,34,0.5,0,14,0.467,1179,150,333,79,8,24,142,80,178,30,11,0.282,0.336,0.424,0.761
2012,Detroit Tigers,AL,33,0.543,1,20,0.714,1148,195,324,51,13,46,182,114,217,17,6,0.282,0.346,0.47,0.815
2012,Chicago White Sox,AL,33,0.525,0,14,0.438,1142,166,322,55,10,27,151,99,246,17,16,0.282,0.342,0.419,0.761
2012,Toronto Blue Jays,AL,32,0.451,0,24,0.774,1126,191,317,81,9,32,179,95,235,34,9,0.282,0.342,0.455,0.797
2012,Chicago Cubs,NL,35,0.377,0,17,0.515,1235,188,347,89,14,39,175,92,235,34,18,0.281,0.332,0.47,0.803
2012,Los Angeles Dodgers,NL,34,0.532,0,15,0.5,1142,164,317,61,14,21,155,102,233,23,10,0.278,0.344,0.411,0.754
2012,Boston Red Sox,AL,31,0.426,0,16,0.593,1068,158,296,74,8,24,144,85,214,34,11,0.277,0.335,0.429,0.764
2012,St. Louis Cardinals,NL,27,0.543,1,16,0.64,919,127,254,58,6,19,120,94,172,26,8,0.276,0.345,0.415,0.76
2012,Minnesota Twins,AL,34,0.407,0,18,0.545,1184,172,327,60,7,33,164,117,213,21,8,0.276,0.344,0.422,0.767
2012,Colorado Rockies,NL,33,0.395,0,17,0.531,1133,176,312,82,10,27,165,80,221,25,15,0.275,0.328,0.437,0.765
2012,Milwaukee Brewers,NL,34,0.512,0,15,0.469,1161,180,318,69,12,39,171,99,240,29,19,0.274,0.34,0.455,0.794
2012,Cincinnati Reds,NL,33,0.599,1,15,0.469,1147,164,314,77,7,27,155,80,272,31,8,0.274,0.326,0.424,0.749
2012,Pittsburgh Pirates,NL,31,0.488,0,9,0.31,1081,143,295,53,6,31,131,63,233,27,12,0.273,0.318,0.419,0.737
2012,San Francisco Giants,NL,36,0.58,1,18,0.545,1233,163,336,74,8,35,150,88,224,38,20,0.273,0.322,0.431,0.752
2012,New York Yankees,AL,33,0.586,1,18,0.6,1137,166,302,79,4,23,157,107,255,35,13,0.266,0.335,0.403,0.737
2012,Arizona Diamondbacks,NL,35,0.5,0,15,0.455,1183,157,313,60,14,36,144,120,251,18,11,0.265,0.339,0.43,0.769
2012,Houston Astros,NL,32,0.34,0,14,0.452,1076,146,271,58,8,29,134,94,224,22,7,0.252,0.313,0.401,0.714
2012,Washington Nationals,NL,32,0.605,1,12,0.414,1078,123,269,47,2,28,112,96,245,9,6,0.25,0.313,0.375,0.688
2012,Cleveland Indians,AL,32,0.42,0,7,0.241,1081,133,267,61,3,25,127,113,225,14,12,0.247,0.324,0.378,0.702
2012,Miami Marlins,NL,29,0.426,0,11,0.44,960,85,237,50,5,16,74,73,195,23,8,0.247,0.308,0.359,0.667
2012,Atlanta Braves,NL,33,0.58,1,10,0.357,1087,125,264,45,10,28,116,95,205,13,13,0.243,0.309,0.38,0.689
2012,Baltimore Orioles,AL,30,0.574,1,11,0.458,1004,118,239,48,3,26,110,91,234,19,8,0.238,0.307,0.37,0.676
2012,New York Mets,NL,31,0.457,0,9,0.31,1031,123,244,37,6,17,112,106,207,23,10,0.237,0.314,0.334,0.648
2012,Tampa Bay Rays,AL,32,0.556,0,10,0.385,1084,114,250,47,5,24,110,108,227,24,11,0.231,0.305,0.35,0.655
2013,Kansas City Royals,AL,34,0.531,0,25,0.781,1255,230,420,88,17,38,217,104,237,29,10,0.335,0.387,0.523,0.91
2013,Los Angeles Angels,AL,34,0.481,0,10,0.333,1180,211,354,72,20,30,197,107,216,37,16,0.3,0.358,0.471,0.829
2013,Chicago White Sox,AL,31,0.389,0,16,0.457,1101,186,329,62,15,41,176,95,208,13,8,0.299,0.36,0.494,0.854
2013,Seattle Mariners,AL,33,0.438,0,22,0.667,1172,214,340,73,11,58,202,89,277,9,4,0.29,0.345,0.52,0.865
2013,Colorado Rockies,NL,31,0.457,0,16,0.516,1082,180,313,67,10,36,169,88,183,14,11,0.289,0.343,0.47,0.812
2013,Baltimore Orioles,AL,32,0.525,0,19,0.679,1125,183,325,64,1,49,169,104,237,25,12,0.289,0.35,0.478,0.829
2013,Oakland Athletics,AL,33,0.593,1,17,0.567,1135,203,326,71,9,37,187,134,223,17,6,0.287,0.367,0.463,0.83
2013,Atlanta Braves,NL,35,0.593,1,20,0.571,1207,183,344,61,4,49,173,73,252,15,18,0.285,0.331,0.464,0.795
2013,Minnesota Twins,AL,33,0.407,0,17,0.515,1167,172,332,72,6,27,161,117,251,24,7,0.284,0.351,0.426,0.777
2013,Cleveland Indians,AL,35,0.568,1,17,0.515,1239,192,350,78,9,40,179,136,236,30,10,0.282,0.357,0.457,0.814
2013,San Diego Padres,NL,36,0.469,0,16,0.444,1224,186,345,73,11,43,175,100,266,21,16,0.282,0.341,0.465,0.806
2013,San Francisco Giants,NL,35,0.469,0,16,0.516,1231,184,346,71,22,34,175,87,266,29,10,0.281,0.331,0.457,0.789
2013,Texas Rangers,AL,36,0.558,0,17,0.5,1242,190,349,70,15,32,183,121,252,31,15,0.281,0.345,0.439,0.784
2013,Arizona Diamondbacks,NL,35,0.5,0,16,0.485,1213,187,340,52,10,32,170,103,233,36,14,0.28,0.338,0.419,0.757
2013,Los Angeles Dodgers,NL,36,0.568,1,13,0.394,1228,180,344,63,9,26,166,113,239,37,13,0.28,0.346,0.41,0.755
2013,St. Louis Cardinals,NL,32,0.599,1,16,0.516,1084,164,303,69,4,26,158,111,173,22,9,0.28,0.349,0.423,0.772
2013,Philadelphia Phillies,NL,34,0.451,0,16,0.485,1185,186,324,69,8,40,178,82,248,24,9,0.273,0.326,0.446,0.772
2013,Washington Nationals,NL,34,0.531,0,14,0.438,1184,163,322,59,2,35,150,78,261,20,5,0.272,0.32,0.414,0.734
2013,Cincinnati Reds,NL,35,0.556,1,13,0.394,1207,182,327,84,11,37,173,110,257,25,7,0.271,0.335,0.451,0.786
2013,Toronto Blue Jays,AL,34,0.457,0,16,0.485,1165,169,315,69,4,45,160,113,250,25,12,0.27,0.338,0.452,0.79
2013,Houston Astros,AL,35,0.315,0,15,0.484,1172,189,315,74,9,47,178,118,289,30,13,0.269,0.342,0.468,0.81
2013,Boston Red Sox,AL,35,0.599,1,17,0.5,1193,165,319,65,9,17,150,121,248,15,8,0.267,0.343,0.38,0.722
2013,Miami Marlins,NL,31,0.383,0,13,0.448,1021,143,270,51,8,24,137,78,177,15,5,0.264,0.32,0.401,0.721
2013,Chicago Cubs,NL,37,0.407,0,16,0.457,1271,181,332,69,15,47,172,93,276,18,5,0.261,0.313,0.45,0.763
2013,Pittsburgh Pirates,NL,32,0.58,1,13,0.419,1069,138,277,58,6,23,131,109,222,16,12,0.259,0.331,0.389,0.721
2013,Detroit Tigers,AL,35,0.574,1,19,0.576,1187,174,307,66,13,37,166,127,238,17,8,0.259,0.332,0.43,0.761
2013,Milwaukee Brewers,NL,33,0.457,0,13,0.419,1096,120,280,60,8,25,111,83,233,27,8,0.255,0.311,0.393,0.704
2013,Tampa Bay Rays,AL,34,0.564,1,15,0.469,1137,149,284,69,6,27,139,110,231,29,14,0.25,0.321,0.392,0.713
2013,New York Yankees,AL,33,0.525,0,14,0.438,1129,140,282,52,10,23,127,95,196,30,9,0.25,0.313,0.375,0.688
2013,New York Mets,NL,33,0.457,0,15,0.5,1100,151,274,56,7,31,140,116,271,15,8,0.249,0.328,0.397,0.726
